OBJECTID,ID,ADDRESS,TERMINAL_NUMBER,LATITUDE,LONGITUDE,INSTALLED,LOCKED,INSTALL_DATE,REMOVAL_DATE,TEMPORARY_INSTALL,NUMBER_OF_BIKES,NUMBER_OF_EMPTY_DOCKS,X,Y,SE_ANNO_CAD_DATA,OWNER
289258837,1,Eads St & 15th St S,31000,38.858971,-77.05323,YES,NO,,,NO,4,11,395379.9686,132352.1169,,
289258838,2,18th St & S Eads St,31001,38.85725,-77.05332,YES,NO,,,NO,3,8,395372.0456,132161.0781,,
289258839,3,Crystal Dr & 20th St S,31002,38.856425,-77.049232,YES,NO,,,NO,10,7,395726.8176,132069.2979,,
289258840,4,Crystal Dr & 15th St S,31003,38.86017,-77.049593,YES,NO,,,NO,10,1,395695.7098,132485.0368,,
289258841,5,Aurora Hills Cmty Ctr / 18th St & S Hayes St,31004,38.857866,-77.05949,YES,NO,,,NO,9,1,394836.5599,132229.7894,,
289258842,6,Pentagon City Metro / 12th St & S Hayes St,31005,38.862303,-77.059936,YES,NO,,,NO,14,5,394798.1726,132722.3538,,
289258843,7,Army Navy Dr & S Joyce St,31006,38.8637,-77.0633,YES,NO,,,NO,6,9,394506.3197,132877.628,,
289258844,8,Crystal City Metro / 18th St & S Bell St,31007,38.857405,-77.051132,YES,NO,,,NO,2,17,395561.9645,132178.1755,,
289258845,10,Crystal Dr & 27th St S,31009,38.848466,-77.051514,YES,NO,,,NO,4,7,395528.2486,131185.9017,,
289258846,11,S Glebe Rd & Potomac Ave,31010,38.8426,-77.0502,YES,NO,,,NO,8,3,395641.9543,130534.6713,,
289258847,12,Crystal Dr & 23rd St S,31011,38.8533,-77.0498,YES,NO,,,NO,13,3,395677.3277,131722.4273,,
289258848,13,Clark St & 26th St S,31012,38.850688,-77.05152,YES,NO,,,NO,8,3,395527.867,131432.5597,,
289258849,14,19th St & Pennsylvania Ave NW,31100,38.9003,-77.0429,YES,NO,,,NO,6,9,396278.704,136939.4783,,DC
289258850,15,14th & V St NW,31101,38.917931,-77.032112,YES,NO,,,NO,17,13,397215.1813,138896.2792,,DC
289258851,16,11th & Kenyon St NW,31102,38.929464,-77.027822,YES,NO,,,NO,10,17,397587.6091,140176.4181,,DC
289258852,17,16th & Harvard St NW,31103,38.926088,-77.036536,YES,NO,,,NO,11,22,396831.8853,139801.9194,,DC
289258853,18,Adams Mill & Columbia Rd NW,31104,38.922925,-77.042581,YES,NO,,,NO,5,10,396307.5467,139451.0267,,DC
289258854,19,14th & Harvard St NW,31105,38.9268,-77.0322,YES,NO,,,NO,8,10,397207.897,139880.816,,DC
289258855,20,Calvert & Biltmore St NW,31106,38.923203,-77.047637,YES,NO,,,NO,6,17,395869.1268,139482.1037,,DC
289258856,21,Lamont & Mt Pleasant NW,31107,38.9319,-77.0388,YES,NO,,,NO,0,17,396635.8432,140447.1824,,DC
289258857,22,4th & M St SW,31108,38.8767,-77.0178,YES,NO,,,NO,9,13,398455.4549,134318.9706,,DC
289258858,23,15th & P St NW,31201,38.90985,-77.034438,YES,NO,,,NO,10,8,397013.1273,137999.2948,,DC
289258859,24,14th & R St NW,31202,38.912681,-77.032523,YES,NO,,,NO,4,11,397179.3309,138313.4982,,DC
289258860,25,14th & Rhode Island Ave NW,31203,38.9086,-77.0323,YES,NO,,,NO,16,7,397198.511,137860.4668,,DC
289258861,26,20th & E St NW,31204,38.8963,-77.045,YES,NO,,,NO,9,6,396096.3238,136495.5341,,DC
289258862,27,21st & I St NW,31205,38.900711,-77.046449,YES,NO,,,NO,8,27,395970.8746,136985.2532,,DC
289258863,28,Georgia & New Hampshire Ave NW,31400,38.936043,-77.024649,YES,NO,,,NO,6,9,397862.9308,140906.6651,,DC
289258864,29,14th St & Spring Rd NW,31401,38.9375,-77.0328,YES,NO,,,NO,7,12,397156.297,141068.6272,,DC
289258865,30,John McCormack Dr & Michigan Ave NE,31502,38.9346,-76.9955,YES,NO,,,NO,0,10,400390.1581,140746.2006,,DC
289258866,31,5th & K St NW,31600,38.90304,-77.019027,YES,NO,,,NO,5,12,398349.5948,137242.9379,,DC
289258867,32,19th & East Capitol St SE,31601,38.8896,-76.9769,YES,NO,,,NO,5,9,402004.0754,135751.0727,,DC
289258868,33,Park Rd & Holmead Pl NW,31602,38.9308,-77.0315,YES,NO,,,NO,3,16,397268.7481,140324.8292,,DC
289258869,34,Good Hope & Naylor Rd SE,31700,38.860227,-76.966572,YES,NO,,,NO,6,5,402901.2906,132490.7262,,DC
289258870,35,Connecticut Ave & Newark St NW / Cleveland Park,31305,38.934267,-77.057979,YES,NO,,,NO,2,9,394973.0937,140710.8214,,DC
289258871,36,Randle Circle & Minnesota Ave SE,31702,38.878,-76.9607,YES,NO,,,NO,3,8,403410.0851,134463.8639,,DC
289258872,37,Minnesota Ave Metro/DOES,31703,38.897063,-76.947446,YES,NO,,,NO,5,10,404558.9245,136580.5833,,DC
289258873,38,Nannie Helen Burroughs & Minnesota Ave NE,31704,38.901385,-76.941877,YES,NO,,,NO,6,5,405041.7154,137060.6526,,DC
289258874,39,Anacostia Metro,31801,38.862669,-76.994637,YES,NO,,,NO,3,8,400465.4508,132761.2885,,DC
289258875,40,Good Hope Rd & MLK Ave SE,31802,38.867373,-76.988039,YES,NO,,,NO,8,3,401038.0179,133283.5213,,DC
289258876,41,19th & E Street NW,31206,38.8952,-77.0436,YES,NO,,,NO,7,4,396217.7132,136373.3665,,DC
289258877,42,4th & W St NE,31500,38.919077,-77.000648,YES,NO,,,NO,11,4,399943.805,139023.0053,,DC
289258878,43,10th & U St NW,31111,38.9172,-77.0259,YES,NO,,,NO,12,3,397753.8756,138814.961,,DC
289258879,44,Georgia Ave and Fairmont St NW,31207,38.9249,-77.0222,YES,NO,,,NO,7,4,398074.9584,139669.6414,,DC
289258880,45,1st & N St  SE,31209,38.8743,-77.0057,YES,NO,,,NO,22,17,399505.3818,134052.4174,,DC
289258881,46,20th St & Florida Ave NW,31110,38.9154,-77.0446,YES,NO,,,NO,6,9,396132.059,138615.7722,,DC
289258882,47,7th & T St NW,31109,38.9155,-77.0222,YES,NO,,,NO,12,2,398074.7047,138626.1622,,DC
289258883,48,Eads St & 22nd St S,31013,38.854381,-77.053412,YES,NO,,,NO,10,5,395363.874,131842.6032,,
289258884,49,M St & New Jersey Ave SE,31208,38.8763,-77.0037,YES,NO,,,NO,16,1,399678.9411,134274.4235,,DC
289258885,51,Massachusetts Ave & Dupont Circle NW,31200,38.9101,-77.0444,YES,NO,,,NO,30,15,396149.1179,138027.4199,,DC
289258886,52,1st & M St NE,31603,38.9057,-77.0056,YES,NO,,,NO,13,1,399514.2732,137538.0624,,DC
289258887,53,21st & M St NW,31212,38.90534,-77.046774,YES,NO,,,NO,14,5,395942.9464,137499.1239,,DC
289258888,54,17th & K St NW,31213,38.90276,-77.03863,YES,NO,,,NO,16,6,396649.2143,137212.3926,,DC
289258889,55,3rd & H St NW,31604,38.899408,-77.015289,YES,NO,,,NO,4,10,398673.7621,136839.6958,,DC
289258890,56,3rd & D St SE,31605,38.8851,-77.0023,YES,NO,,,NO,0,9,399800.4474,135251.2867,,DC
289258891,57,Potomac & Pennsylvania Ave SE,31606,38.8803,-76.9862,YES,NO,,,NO,7,7,401197.3959,134718.5379,,DC
289258892,58,13th & E St SE,31607,38.882915,-76.987907,YES,NO,,,NO,5,10,401049.2448,135008.8019,,DC
289258893,59,17th & Corcoran St NW,31214,38.9121,-77.0387,YES,NO,,,NO,10,9,396643.582,138249.2114,,DC
289258894,60,Van Ness Metro / UDC,31300,38.944551,-77.063896,YES,NO,,,NO,9,5,394460.876,141852.7783,,DC
289258895,61,Florida Ave & R St NW,31503,38.9126,-77.0135,YES,NO,,,NO,2,11,398829.1647,138304.0906,,DC
289258896,62,8th & Eye St SE / Barracks Row,31608,38.8792,-76.9953,YES,NO,,,NO,0,11,400407.815,134596.3495,,DC
289258897,63,Ward Circle / American University,31301,38.938736,-77.087171,YES,NO,,,NO,0,13,392442.5578,141208.9315,,DC
289258898,64,Wisconsin Ave & Newark St NW,31302,38.934881,-77.072755,YES,NO,,,NO,6,13,393692.0368,140779.8981,,DC
289258899,65,14th St Heights / 14th & Crittenden St NW,31402,38.947774,-77.032818,YES,NO,,,NO,0,11,397155.1464,142209.1331,,DC
289258900,66,Anacostia Library,31804,38.865784,-76.9784,YES,NO,,,NO,5,6,401874.5662,133107.2844,,DC
289258901,67,Pennsylvania & Minnesota Ave SE,31805,38.873057,-76.971015,YES,NO,,,NO,1,10,402515.2205,133914.8189,,DC
289258902,68,Eastern Market / 7th & North Carolina Ave SE,31610,38.886952,-76.996806,YES,NO,,,NO,1,14,400277.1106,135456.8754,,DC
289258903,69,14th St & New York Ave NW,31216,38.899632,-77.031686,YES,NO,,,NO,3,18,397251.4198,136864.9275,,DC
289258904,70,Benning Branch Library,31705,38.894,-76.947974,YES,NO,,,NO,10,1,404513.3156,136240.5398,,DC
289258905,71,USDA / 12th & C St SW,31217,38.886277,-77.028242,YES,NO,,,NO,10,29,397549.7085,135382.3194,,DC
289258906,72,Georgetown Harbor / 30th St NW,31215,38.902221,-77.059219,YES,NO,,,NO,6,13,394863.2754,137153.5164,,DC
289258907,73,12th & Newton St NE,31501,38.933668,-76.991016,YES,NO,,,NO,1,10,400778.9391,140642.7692,,DC
289258908,74,US Dept of State / Virginia Ave & 21st St NW,31220,38.894919,-77.046587,YES,NO,,,NO,8,7,395958.5759,136342.3012,,DC
289258909,75,L'Enfant Plaza / 7th & C St SW,31218,38.886266,-77.022241,YES,NO,,,NO,3,10,398070.3583,135380.9543,,DC
289258910,76,10th St & Constitution Ave NW,31219,38.893028,-77.026013,YES,NO,,,NO,15,16,397743.3113,136131.6756,,DC
289258911,77,Kennedy Center,31211,38.897293,-77.05557,YES,NO,,,NO,14,5,395179.4608,136606.2701,,DC
289258912,78,Eastern Market Metro / Pennsylvania Ave & 7th St SE,31613,38.884,-76.995397,YES,NO,,,NO,15,4,400399.3716,135129.1858,,DC
289259233,79,18th & M St NW,31221,38.905067,-77.041779,YES,NO,,,NO,17,10,396376.1856,137468.6086,,DC
289259234,80,Tenleytown / Wisconsin Ave & Albemarle St NW,31303,38.947607,-77.079382,YES,NO,,,NO,1,14,393118.6949,142193.0751,,DC
289259235,81,13th & H St NE,31611,38.900022,-76.988422,YES,NO,,,NO,18,9,401004.3202,136907.8073,,DC
289259236,82,5th & F St NW,31620,38.897222,-77.019347,YES,NO,,,NO,19,11,398321.7011,136597.0991,,DC
289259237,83,New York Ave & 15th St NW,31222,38.899032,-77.033354,YES,NO,,,NO,4,14,397106.7059,136798.3743,,DC
289259238,84,Convention Center / 7th & M St NW,31223,38.905737,-77.02227,YES,NO,,,NO,18,4,398068.3695,137542.3904,,DC
289259239,85,Harvard St & Adams Mill Rd NW,31112,38.927872,-77.043358,YES,NO,,,NO,9,6,396240.4292,140000.2176,,DC
289259240,86,18th & L St NW,31224,38.903741,-77.042452,YES,NO,,,NO,7,12,396317.7427,137321.4388,,DC
289259241,87,C & O Canal & Wisconsin Ave NW,31225,38.90375,-77.06269,YES,NO,,,NO,9,14,394562.3134,137323.4488,,DC
289259242,88,Maine Ave & 7th St SW,31609,38.878694,-77.023054,YES,NO,,,NO,15,2,397999.6097,134540.4217,,DC
289259243,89,D St & Maryland Ave NE,31612,38.894758,-76.997114,YES,NO,,,NO,4,19,400250.3612,136323.4017,,DC
289259244,90,34th St & Wisconsin Ave NW,31226,38.916442,-77.0682,YES,NO,,,NO,4,6,394085.4325,138732.7073,,DC
289259245,91,13th St & New York Ave NW,31227,38.900283,-77.029822,YES,NO,,,NO,7,16,397413.1348,136937.1393,,DC
289259246,92,8th & H St NW,31228,38.8997,-77.023086,YES,NO,,,NO,23,9,397997.4227,136872.2523,,DC
289259247,93,10th & Monroe St NE,31504,38.932514,-76.992889,YES,NO,,,NO,1,14,400616.5545,140514.6508,,DC
289259248,94,Eckington Pl & Q St NE,31505,38.910972,-77.00495,YES,NO,,,NO,10,12,399570.6839,138123.2943,,DC
289259249,95,6th & H St NE,31615,38.899972,-76.998347,YES,NO,,,NO,13,9,400143.3877,136902.1946,,DC
289259250,96,3rd & H St NE,31616,38.900412,-77.001949,YES,NO,,,NO,2,16,399830.9372,136951.0386,,DC
289259251,97,Bladensburg Rd & Benning Rd NE,31617,38.900413,-76.982872,YES,NO,,,NO,13,2,401485.7403,136951.2872,,DC
289259252,98,4th & East Capitol St NE,31618,38.889955,-77.000349,YES,NO,,,NO,0,10,399969.7221,135790.227,,DC
289259253,99,Lincoln Park / 13th & East Capitol St NE,31619,38.890461,-76.988355,YES,NO,,,NO,5,18,401010.2674,135846.4614,,DC
289259254,100,Branch & Pennsylvania Ave SE,31701,38.8692,-76.9599,YES,NO,,,NO,4,7,403479.9307,133487.0282,,DC
289259255,101,13th & D St NE,31622,38.894832,-76.987633,YES,NO,,,NO,16,14,401072.8391,136331.685,,DC
289259256,102,New Hampshire Ave & T St NW,31229,38.91554,-77.03818,YES,NO,,,NO,7,16,396688.8408,138631.0609,,DC
289259257,103,Metro Center / 12th & G St NW,31230,38.898364,-77.027869,YES,NO,,,NO,18,20,397582.4798,136724.0614,,DC
289259258,104,14th & D St NW / Ronald Reagan Building,31231,38.894514,-77.031617,YES,NO,,,NO,16,9,397257.2084,136296.7868,,DC
289259259,105,7th & F St NW / National Portrait Gallery,31232,38.89702,-77.02299,YES,NO,,,NO,17,9,398005.6753,136574.7488,,DC
289259260,106,17th & K St NW / Farragut Square,31233,38.902061,-77.038322,YES,NO,,,NO,14,21,396675.8978,137134.7868,,DC
289259261,107,20th & O St NW / Dupont South,31234,38.908905,-77.04478,YES,NO,,,NO,14,4,396116.0948,137894.7812,,DC
289259262,108,4th & D St NW / Judiciary Square,31621,38.895344,-77.016106,YES,NO,,,NO,4,11,398602.8121,136388.5716,,DC
289259263,109,19th St & Constitution Ave NW,31235,38.8923,-77.0436,YES,NO,,,NO,16,17,396217.5594,136051.4436,,DC
289259264,110,37th & O St NW / Georgetown University,31236,38.90774,-77.071652,YES,NO,,,NO,2,20,393785.3036,137766.9431,,DC
289259265,111,11th & H St NE,31614,38.899983,-76.991383,YES,NO,,,NO,11,8,400747.4721,136903.4496,,DC
289259266,112,25th St & Pennsylvania Ave NW,31237,38.903827,-77.053485,YES,NO,,,NO,3,12,395360.7536,137331.4883,,DC
289259267,113,Columbus Circle / Union Station,31623,38.89696,-77.00493,YES,NO,,,NO,8,42,399572.3345,136567.8488,,DC
289259268,114,North Capitol St & F St NW,31624,38.897446,-77.009888,YES,NO,,,NO,6,16,399142.246,136621.8335,,DC
289259269,115,11th & M St NW,31266,38.905607,-77.027137,YES,NO,,,NO,4,13,397646.2168,137528.0736,,DC
289259270,116,36th & Calvert St NW / Glover Park,31304,38.922581,-77.070334,YES,NO,,,NO,3,12,393900.8889,139414.3282,,DC
289259271,117,14th & G St NW,31238,38.898409,-77.032278,YES,NO,,,NO,5,15,397200.0191,136729.1828,,DC
289259272,118,Potomac Ave & 35th St S,31052,38.844015,-77.050537,YES,NO,,,NO,19,4,395612.7851,130691.7623,,
289259273,124,Ohio Dr & West Basin Dr SW / MLK & FDR Memorials,31240,38.88412,-77.04657,YES,NO,,,NO,13,15,395959.4391,135143.5273,,DC
289259274,125,11th & F St NW,31262,38.897857,-77.026975,YES,NO,,,NO,14,1,397660.014,136667.7571,,DC
289259275,126,23rd & E St NW,31260,38.896104,-77.049882,YES,NO,,,NO,8,11,395672.8064,136473.9966,,DC
289259276,127,Lynn St & 19th St North,31014,38.897315,-77.070993,YES,NO,,,NO,8,23,393841.5616,136609.6397,,
289259277,128,Rosslyn Metro / Wilson Blvd & Ft Myer Dr,31015,38.8946,-77.072305,YES,NO,,,NO,10,9,393727.5107,136308.3425,,
289259278,129,Clarendon Blvd & Pierce St,31016,38.893438,-77.076389,YES,NO,,,NO,5,9,393373.1141,136179.64,,
289259279,130,Wilson Blvd & N Uhle St,31017,38.891696,-77.0846,YES,NO,,,NO,4,11,392660.6158,135986.8924,,
289259280,131,Rhodes St & 16th St N,31018,38.892164,-77.079375,YES,NO,,,NO,2,9,393113.9503,136038.437,,
289259281,132,Fairfax Village,31706,38.86559,-76.952103,YES,NO,,,NO,4,11,404156.7748,133086.6177,,DC
289259282,133,21st St & Constitution Ave NW,31261,38.892459,-77.046567,YES,NO,,,NO,3,12,395960.1716,136069.221,,DC
289259283,134,Wilson Blvd & N Edgewood St,31019,38.889,-77.0925,YES,NO,,,NO,2,13,391974.9566,135688.2803,,
289259284,135,Columbia Rd & Belmont St NW,31113,38.920669,-77.04368,YES,NO,,,NO,7,11,396212.126,139200.6367,,DC
289259285,136,Rhode Island & Connecticut Ave NW,31239,38.905996,-77.039802,YES,NO,,,NO,16,7,396547.711,137571.6585,,DC
289259286,137,Thomas Circle,31241,38.9059,-77.0325,YES,NO,,,NO,11,21,397181.0576,137560.7509,,DC
289259287,138,Wilson Blvd & N Franklin Rd,31020,38.8904,-77.0889,YES,NO,,,NO,7,4,392287.4339,135843.3808,,
289259288,139,Clarendon Blvd & N Fillmore St,31021,38.8881,-77.09308,YES,NO,,,NO,7,8,391924.5356,135588.4245,,
289259289,140,Clarendon Metro / Wilson Blvd & N Highland St,31022,38.88786,-77.094875,YES,NO,,,NO,7,10,391768.7767,135561.9429,,
289259290,141,18th St & Pennsylvania Ave NW,31242,38.89968,-77.041539,YES,NO,,,NO,16,11,396396.7306,136870.5987,,DC
289259291,142,4th & C St SW,31243,38.886372,-77.017701,YES,NO,,,NO,17,22,398464.2535,135392.635,,DC
289259292,143,4th & E St SW,31244,38.88412,-77.017445,YES,NO,,,NO,9,10,398486.4164,135142.6413,,DC
289259293,144,3rd & G St SE,31625,38.881185,-77.001828,YES,NO,,,NO,3,16,399841.3904,134816.6907,,DC
289259294,145,7th & R St NW / Shaw Library,31245,38.912719,-77.022155,YES,NO,,,NO,11,3,398078.5324,138317.4472,,DC
289259295,146,9th & Upshur St NW,31404,38.9418,-77.0251,YES,NO,,,NO,6,9,397824.0048,141545.7535,,DC
289259296,147,1st & Rhode Island Ave NW,31506,38.915417,-77.012289,YES,NO,,,NO,0,15,398934.235,138616.7862,,DC
289259297,148,Columbia Rd & Georgia Ave NW,31115,38.928121,-77.023795,YES,NO,,,NO,9,10,397936.7434,140027.2348,,DC
289259298,149,California St & Florida Ave NW,31116,38.917761,-77.04062,YES,NO,,,NO,10,8,396477.3416,138877.7017,,DC
289259299,150,Benning Rd & East Capitol St NE / Benning Rd Metro,31707,38.889935,-76.93723,YES,NO,,,NO,6,12,405445.6802,135789.879,,DC
289259300,151,3000 Connecticut Ave NW / National Zoo,31307,38.930282,-77.055599,YES,NO,,,NO,6,9,395179.1755,140268.3235,,DC
289259301,152,Anacostia Ave & Benning Rd NE / River Terrace,31708,38.896544,-76.96012,YES,NO,,,NO,15,0,403459.5128,136522.4136,,DC
289259302,153,M St & Pennsylvania Ave NW,31246,38.905126,-77.056887,YES,NO,,,NO,6,13,395065.7567,137475.8662,,DC
289259303,154,15th St & Massachusetts Ave SE,31626,38.88732,-76.983569,YES,NO,,,NO,9,6,401425.5418,135497.8497,,DC
289259304,155,Congress Heights Metro,31806,38.844711,-76.987823,YES,NO,,,NO,2,13,401057.0987,130767.8792,,DC
289259305,156,N Quincy St & Glebe Rd,31035,38.876393,-77.107735,YES,NO,,,NO,0,11,390651.5592,134290.257,,
289259306,157,Barcroft Community Center,31033,38.850337,-77.100989,YES,NO,,,NO,5,6,391233.7268,131397.1831,,
289259307,158,N Veitch St & 20th St N,31029,38.896923,-77.086502,YES,NO,,,NO,9,6,392496.1597,136567.2851,,
289259308,159,10th & K St NW,31263,38.9024,-77.02622,YES,NO,,,NO,3,20,397725.6524,137172.0474,,DC
289259309,160,Fairfax Dr & Wilson Blvd,31023,38.885801,-77.097745,YES,NO,,,NO,2,9,391519.5349,135333.6408,,
289259310,161,Key Blvd & N Quinn St,31027,38.896355,-77.078408,YES,NO,,,NO,7,4,393198.2404,136503.5984,,
289259311,162,1st & K St SE,31628,38.878854,-77.005727,YES,NO,,,NO,4,11,399503.0706,134557.946,,DC
289259312,163,39th & Calvert St NW / Stoddert,31306,38.922649,-77.077271,YES,NO,,,NO,8,11,393299.3438,139422.3631,,DC
289259313,164,1st & Washington Hospital Center NW,31507,38.928743,-77.012457,YES,NO,,,NO,9,6,398919.8671,140096.0869,,DC
289259314,165,Virginia Square Metro / Monroe St & 9th St N,31024,38.882788,-77.103148,YES,NO,,,NO,4,15,391050.3869,134999.6906,,
289259315,166,Central Library / Quincy St & 10th St N,31025,38.88397,-77.10783,YES,NO,,,NO,3,7,390644.3093,135131.371,,
289259316,167,Washington Blvd & 10th St N,31026,38.884734,-77.093485,YES,NO,,,NO,7,8,391889.0158,135214.8085,,
289259317,168,Jefferson Dr & 14th St SW,31247,38.888553,-77.032429,YES,NO,,,NO,17,5,397186.5319,135635.0937,,DC
289259318,169,Smithsonian-National Mall / Jefferson Dr & 12th St SW,31248,38.888767,-77.02858,YES,NO,,,NO,14,21,397520.47,135658.7378,,DC
289259319,170,George Mason Dr & Wilson Blvd,31036,38.87887,-77.1207,YES,NO,,,NO,3,12,389526.9173,134566.6302,,
289259320,171,6th St & Indiana Ave NW,31264,38.894573,-77.01994,YES,NO,,,NO,10,8,398270.1958,136303.0502,,DC
289259321,172,N Veitch St & Key Blvd,31028,38.893237,-77.086063,YES,NO,,,NO,4,6,392533.8561,136158.0741,,
289259322,173,Lee Hwy & N Adams St,31030,38.89593,-77.089006,YES,NO,,,NO,12,7,392278.8363,136457.2631,,
289259323,174,15th St & N Scott St,31031,38.89054,-77.08095,YES,NO,,,NO,9,1,392977.1539,135858.2803,,
289259324,175,Washington Blvd & 7th St N,31032,38.88081,-77.090792,YES,NO,,,NO,2,9,392122.2337,134778.9787,,
289259325,346,Long Bridge Park / Long Bridge Dr & 6th St S,31090,38.865553,-77.05003,YES,NO,,,NO,6,9,395658.109,133082.6097,,
289259326,347,Connecticut Ave & McKinley St NW,31315,38.964544,-77.075135,YES,NO,,,NO,7,12,393488.3976,144072.9255,,DC
289259327,348,15th & L St NW,31276,38.90366,-77.034846,YES,NO,,,NO,7,16,396977.4784,137312.1678,,DC
289259328,349,17th & G St NW,31277,38.8983,-77.039732,YES,NO,,,NO,16,15,396553.4107,136717.3379,,DC
289259329,350,Spring St & 2nd Ave,32050,38.997653,-77.034499,YES,NO,,,NO,13,2,397011.5202,147746.232,,
289259330,351,18th & R St NW,31278,38.912648,-77.041834,YES,NO,,,NO,12,6,396371.8007,138310.1638,,DC
289259331,352,Joyce St & 16th St S,31091,38.859254,-77.063275,YES,NO,,,NO,2,12,394508.1473,132384.0883,,
289259332,353,Union Market,31517,38.907908,-76.99707,YES,NO,,,NO,15,8,400254.1313,137783.1576,,DC
289259333,354,Lee Hwy & N Monroe St,31092,38.896456,-77.104562,YES,NO,,,NO,8,7,390929.4394,136517.0839,,
289259334,355,21st St & N Pierce St,31093,38.898984,-77.078317,YES,NO,,,NO,1,14,393206.3848,136795.4315,,
289259335,356,Lee Hwy & N Kirkwood Rd,31094,38.895377,-77.09713,YES,NO,,,NO,12,3,391574.024,136396.5942,,
289259336,357,19th & G St NW,31279,38.898412,-77.043182,YES,NO,,,NO,10,12,396254.1432,136729.9067,,DC
289259337,358,2nd St & Seaton Pl NE,31522,38.914751,-77.00356,YES,NO,,,NO,5,14,399691.2557,138542.7889,,DC
289259338,359,Wilson Blvd & N Illinois St,31902,38.876528,-77.12712,YES,NO,,,NO,6,8,388969.4952,134307.4068,,
289259339,364,Army Navy Dr & S Nash St,31095,38.86215,-77.068121,YES,NO,,,NO,1,10,394087.7864,132705.8679,,
289259340,365,31st & Water St NW,31293,38.902814,-77.061043,YES,NO,,,NO,8,10,394705.1035,137219.4484,,DC
289259341,367,11th & S St NW,31280,38.913761,-77.027025,YES,NO,,,NO,11,12,397656.1993,138433.2316,,DC
289259342,368,Walter Reed Dr & 8th St S,31096,38.86612,-77.08787,YES,NO,,,NO,9,6,392374.1977,133148.0312,,
289259343,369,2nd & G St NE,31639,38.89967,-77.003666,YES,NO,,,NO,20,2,399681.9955,136868.6752,,DC
289259344,370,8th & O St NW,31281,38.90864,-77.02277,YES,NO,,,NO,3,15,398025.0815,137864.6578,,DC
289259345,371,Georgia & Missouri Ave NW,31411,38.961339,-77.027855,YES,NO,,,NO,7,12,397585.8274,143714.8292,,DC
289259346,373,Oklahoma Ave & D St NE,31712,38.894474,-76.974828,YES,NO,,,NO,17,2,402183.6857,136292.1726,,DC
289259347,374,Maryland Ave & E St NE,31640,38.896134,-76.9929,YES,NO,,,NO,7,12,400615.9148,136476.1686,,DC
289259348,375,New York Ave & Hecht Ave NE,31518,38.915604,-76.983683,YES,NO,,,NO,15,8,401415.09,138637.5995,,DC
289259349,376,Yuma St & Tenley Circle NW,31316,38.946182,-77.08059,YES,NO,,,NO,0,19,393013.8386,142034.9791,,DC
289259350,378,Key West Ave & Siesta Key Way,32052,39.105295,-77.194774,YES,NO,,,NO,8,7,383153.1879,159713.1322,,
289259351,379,Lee Hwy & N Woodstock St,31900,38.898301,-77.118009,YES,NO,,,NO,4,15,389763.2023,136723.3155,,
289259352,380,Saint Asaph St & Madison St,31097,38.812718,-77.044097,YES,NO,,,NO,6,9,396170.1757,127217.2968,,
289259353,381,King St Metro North / Cameron St,31098,38.80704,-77.059817,YES,NO,,,NO,14,0,394804.4809,126587.7799,,
289259354,382,Madison St & N Henry St,31099,38.813485,-77.049468,YES,NO,,,NO,6,9,395703.7505,127302.6778,,
289259355,383,Medical Center Metro,32053,38.999378,-77.097882,YES,NO,,,NO,4,14,391521.1673,147941.7054,,
289259356,384,Washington Blvd & N Frederick St,31901,38.884829,-77.127671,YES,NO,,,NO,4,7,388922.9724,135228.947,,
289259357,385,Wisconsin Ave & Ingomar St NW,31317,38.958267,-77.084636,YES,NO,,,NO,5,14,392664.3441,143376.841,,DC
289259358,386,16th & Irving St NW,31122,38.928893,-77.03625,YES,NO,,,NO,5,14,396856.8086,140113.2886,,DC
289259359,387,16th & R St NW,31282,38.912652,-77.036278,YES,NO,,,NO,12,7,396853.6643,138310.4017,,DC
289259360,388,Lyttonsville Rd & Lyttonsville Pl,32054,38.999679,-77.051168,YES,NO,,,NO,11,4,395567.6923,147971.816,,
289259361,389,Woodmont Ave & Strathmore St,32055,38.979875,-77.093522,YES,NO,,,NO,2,9,391896.6255,145776.2839,,
289259362,390,14th & L St NW,31283,38.903658,-77.031737,YES,NO,,,NO,7,12,397247.1512,137311.8475,,DC
289259363,391,1st & O St NW,31519,38.908643,-77.012365,YES,NO,,,NO,8,6,398927.5421,137864.8171,,DC
289259364,392,South Capitol & Atlantic St SW,31811,38.831516,-77.008133,YES,NO,,,NO,7,12,399293.8349,129303.1048,,DC
289259365,393,18th & C St NW,31284,38.893511,-77.041544,YES,NO,,,NO,14,5,396395.9852,136185.791,,DC
289259366,394,22nd & P ST NW,31285,38.909394,-77.048728,YES,NO,,,NO,12,7,395773.7018,137949.2396,,DC
289259367,395,East West Hwy & 16th St,32056,38.995681,-77.038721,YES,NO,,,NO,5,14,396645.6961,147527.4668,,
289259368,396,Royal St & Wilkes St,31903,38.799267,-77.0447,YES,NO,,,NO,12,3,396117.074,125724.1768,,
289259369,397,14th & Girard St NW,31123,38.925284,-77.032375,YES,NO,,,NO,10,13,397192.6628,139712.5324,,DC
289259370,398,Potomac Ave & Main Line Blvd,31910,38.822738,-77.049265,YES,NO,,,NO,12,7,395721.9352,128329.8113,,
289259371,399,11th & O St NW,31286,38.90843,-77.02714,YES,NO,,,NO,9,8,397646.0498,137841.4497,,DC
289259372,400,10th St & L'Enfant Plaza SW,31287,38.884323,-77.02601,YES,NO,,,NO,2,20,397743.2963,135165.3527,,DC
289259373,401,Connecticut Ave & Yuma St NW,31318,38.947156,-77.065115,YES,NO,,,NO,7,11,394355.4076,142142.0313,,DC
289259374,402,2nd St & Massachusetts Ave NE,31641,38.894972,-77.003135,YES,NO,,,NO,3,20,399728.0388,136347.1581,,DC
289259375,403,Radford St & Osage St,31908,38.828437,-77.086031,YES,NO,,,NO,0,23,392529.8532,128964.8036,,
289259376,404,East Falls Church Metro / Sycamore St & 19th St N,31904,38.885321,-77.156427,YES,NO,,,NO,4,14,386428.1319,135287.445,,
289259377,405,Kennebec St & 11th St N,31905,38.880992,-77.135271,YES,NO,,,NO,2,13,388262.9483,134803.9606,,
289259378,406,Commonwealth Ave & Oak St,31906,38.812711,-77.061715,YES,NO,,,NO,1,18,394640.0521,127217.4066,,
289259379,407,Commonwealth Ave & E Monroe Ave,31913,38.820058,-77.062821,YES,NO,,,NO,3,12,394544.5573,128033.0364,,
289259380,408,4th St & Madison Dr NW,31288,38.890493,-77.017253,YES,NO,,,NO,19,11,398503.2087,135850.0906,,DC
289259381,409,Henry Bacon Dr & Lincoln Memorial Circle NW,31289,38.890544,-77.049379,YES,NO,,,NO,10,9,395716.1071,135856.7692,,DC
289259382,410,17th St & Independence Ave SW,31290,38.888097,-77.038325,YES,NO,,,NO,9,9,396674.9868,135584.6724,,DC
289259383,411,Franklin St & S Washington St,31907,38.798133,-77.0487,YES,NO,,,NO,11,8,395769.5415,125598.4735,,
289259384,412,Mount Vernon Ave & Four Mile Run Park,31909,38.843422,-77.064016,YES,NO,,,NO,12,3,394442.601,130626.6693,,
289259385,413,4th St & K St NW,31642,38.902406,-77.016006,YES,NO,,,NO,19,4,398611.6245,137172.5085,,DC
289259386,414,Mount Vernon Ave & Bruce St,31912,38.841291,-77.063093,YES,NO,,,NO,12,3,394522.5655,130390.0578,,
289259387,415,Lee Center,31914,38.797557,-77.053766,YES,NO,,,NO,1,14,395329.432,125534.781,,
289259388,416,Powhatan St & Bashford Ln,31915,38.818748,-77.047783,YES,NO,,,NO,9,6,395850.397,127886.8268,,
289259389,417,Potomac Ave & Swann Ave,31916,38.829545,-77.047844,YES,NO,,,NO,0,18,395845.7278,129085.3677,,
289259390,418,14th & Irving St NW,31124,38.928552,-77.032224,YES,NO,,,NO,16,14,397205.8846,140075.3037,,DC
289259391,419,Vermont Ave & I St NW,31291,38.901136,-77.034451,YES,NO,,,NO,16,8,397011.6348,137031.9705,,DC
289259392,420,Wisconsin Ave & Brandywine St NW,31319,38.949813,-77.080217,YES,NO,,,NO,0,25,393046.5273,142438.0242,,DC
289259393,421,24th & R St NE / National Arboretum,31520,38.91263,-76.971923,YES,NO,,,NO,1,18,402435.0762,138307.7088,,DC
289259394,422,Division Ave & Foote St NE,31713,38.897407,-76.925907,YES,NO,,,NO,11,3,406427.3461,136620.0661,,DC
289259395,423,16th & Q St SE / Anacostia HS,31812,38.870695,-76.982359,YES,NO,,,NO,3,20,401530.8771,133652.3679,,DC
289259396,424,Spring Hill Metro,32200,38.929261,-77.240654,YES,NO,,,NO,4,11,379133.3291,140181.02,,
289259397,425,Westpark Dr & Leesburg Pike,32201,38.92403,-77.235955,YES,NO,,,NO,4,7,379539.269,139599.2725,,
289259398,427,Tysons One Pl & Chain Bridge Rd,32203,38.919475,-77.221179,YES,NO,,,NO,8,3,380819.3354,139090.4224,,
289259399,428,Tysons Corner Station,32204,38.920939,-77.222115,YES,NO,,,NO,1,10,380738.561,139253.1354,,
289259400,429,Westpark & Jones Branch Dr,32205,38.924437,-77.217664,YES,NO,,,NO,8,3,381125.4694,139640.5122,,
289259401,430,Jones Branch & Westbranch Dr,32206,38.931911,-77.219261,YES,NO,,,NO,9,1,380988.98,140470.5194,,
289259402,431,Westpark & Park Run Dr,32207,38.928919,-77.225394,YES,NO,,,NO,9,2,380456.3994,140139.6776,,
289259403,432,Tysons West Transit Center,32208,38.932636,-77.231825,YES,NO,,,NO,7,3,379899.8254,140553.6918,,
289259404,433,North Shore & Cameron Crescent Dr/Crescent Apartments,32209,38.970046,-77.338686,YES,NO,,,NO,6,4,370649.9832,144735.4649,,
289259405,434,Town Center Pkwy & Bowman Towne Dr,32210,38.962524,-77.361902,YES,NO,,,NO,8,7,368634.8196,143908.1787,,
289259406,435,Reston Regional Library,32211,38.962095,-77.358815,YES,NO,,,NO,4,10,368902.1739,143859.4999,,
289259407,436,New Dominion Pkwy & Fountain Dr,32212,38.960574,-77.356324,YES,NO,,,NO,5,10,369117.4041,143689.8105,,
289259408,437,Sunset Hills & Old Reston Ave,32213,38.955079,-77.351649,YES,NO,,,NO,10,5,369520.2345,143078.2481,,
289259409,176,Ballston Metro / Stuart St & 9th St N,31037,38.881044,-77.111768,YES,NO,,,NO,10,12,390302.2378,134806.9737,,
289259410,177,Fairfax Dr & N Randolph St,31034,38.882629,-77.109366,YES,NO,,,NO,8,3,390510.8626,134982.6683,,
289259411,178,Jefferson Memorial,31249,38.879819,-77.037413,YES,NO,,,NO,16,7,396753.7338,134665.7179,,DC
289259412,179,Good Hope Rd & 14th St SE,31803,38.866611,-76.985238,YES,NO,,,NO,11,4,401281.1123,133198.9693,,DC
289259413,180,Glebe Rd & 11th St N,31038,38.883921,-77.116817,YES,NO,,,NO,5,6,389864.5607,135126.891,,
289259414,181,Wilson Blvd & N Quincy St,31039,38.880012,-77.107854,YES,NO,,,NO,11,4,390641.7079,134692.0054,,
289259415,182,GMU / Fairfax Dr & Kenmore St,31040,38.884616,-77.10108,YES,NO,,,NO,3,8,391230.041,135202.4118,,
289259416,183,Gallaudet / 8th St & Florida Ave NE,31508,38.90509,-76.9941,YES,NO,,,NO,7,12,400511.7523,137470.3491,,DC
289259417,185,20th & L St NW,31250,38.903584,-77.044789,YES,NO,,,NO,4,15,396115.0244,137304.1074,,DC
289259418,186,12th & L St NW,31251,38.903819,-77.0284,YES,NO,,,NO,4,14,397536.6062,137329.6244,,DC
289259419,187,21st St & Pennsylvania Ave NW,31252,38.901539,-77.046564,YES,NO,,,NO,8,10,395960.946,137077.173,,DC
289259420,188,19th & K St NW,31253,38.902204,-77.04337,YES,NO,,,NO,9,12,396238.035,137150.8568,,DC
289259421,189,Prince St & Union St,31041,38.803124,-77.040363,YES,NO,,,NO,16,2,396494.0027,126152.1522,,
289259422,190,Market Square / King St & Royal St,31042,38.804718,-77.043363,YES,NO,,,NO,10,5,396233.5018,126329.2156,,
289259423,191,Saint Asaph St & Pendleton  St,31043,38.810743,-77.044664,YES,NO,,,NO,2,12,396120.8245,126998.0832,,
289259424,192,King St & Patrick St,31044,38.805317,-77.049883,YES,NO,,,NO,7,8,395667.2127,126395.9976,,
289259425,193,15th & K St NW,31254,38.902,-77.03353,YES,NO,,,NO,10,15,397091.5598,137127.8517,,DC
289259426,194,Commerce St & Fayette St,31045,38.805648,-77.05293,YES,NO,,,NO,13,1,395402.5747,126432.8897,,
289259427,195,Henry St & Pendleton St,31046,38.811456,-77.050276,YES,NO,,,NO,0,17,395633.4525,127077.4842,,
289259428,196,Braddock Rd Metro,31047,38.814577,-77.052808,YES,NO,,,NO,13,16,395413.7448,127424.0593,,
289259429,197,King St Metro South,31048,38.805763,-77.060627,YES,NO,,,NO,5,18,394734.0327,126446.0713,,
289259430,198,24th & N St NW,31255,38.9066,-77.05152,YES,NO,,,NO,10,5,395531.3698,137639.2158,,DC
289259431,199,10th & E St NW,31256,38.895914,-77.026064,YES,NO,,,NO,3,12,397738.9784,136452.0457,,DC
289259432,200,22nd & I St NW / Foggy Bottom,31257,38.90088,-77.048911,YES,NO,,,NO,2,13,395757.3234,137004.1251,,DC
289259433,201,Utah St & 11th St N,31049,38.883669,-77.113905,YES,NO,,,NO,9,2,390117.1807,135098.5978,,
289259434,202,Barton St & 10th St N,31050,38.884961,-77.08777,YES,NO,,,NO,8,1,392384.8871,135239.515,,
289259435,203,Arlington Blvd & N Queen St,31051,38.889365,-77.077294,YES,NO,,,NO,4,7,393294.2209,135727.5712,,
289259436,204,Lincoln Memorial,31258,38.888251,-77.049426,YES,NO,,,NO,2,23,395711.8918,135602.2305,,DC
289259437,206,20th St & Virginia Ave NW,31259,38.894722,-77.045128,YES,NO,,,NO,5,10,396085.1334,136320.3691,,DC
289259438,207,5th St & Massachusetts Ave NW,31265,38.90093,-77.018677,YES,NO,,,NO,16,3,398379.906,137008.7047,,DC
289259439,208,39th & Veazey St NW,31308,38.943837,-77.077078,YES,NO,,,NO,8,7,393318.066,141774.4003,,DC
289259440,209,Fessenden St & Wisconsin Ave NW,31309,38.954812,-77.082426,YES,NO,,,NO,4,10,392855.5451,142993.1291,,DC
289259441,210,3rd & M St NE,31627,38.90547,-77.00213,YES,NO,,,NO,6,13,399815.2497,137512.5178,,DC
289259442,211,Columbia Pike & S Courthouse Rd,31053,38.863833,-77.080319,YES,NO,,,NO,5,9,393029.288,132893.5539,,
289259443,212,Walter Reed Dr & 16th St S,31054,38.857803,-77.086733,YES,NO,,,NO,10,1,392471.9951,132224.6897,,
289259444,213,28th St & S Meade St,31055,38.846222,-77.069275,YES,NO,,,NO,9,6,393986.2891,130937.822,,
289259445,214,18th St & Wyoming Ave NW,31114,38.918809,-77.041571,YES,NO,,,NO,11,11,396394.9217,138994.0757,,DC
289259446,215,5th & Kennedy St NW,31403,38.956556,-77.019814,YES,NO,,,NO,0,15,398282.6198,143183.69,,DC
289259447,216,Georgia Ave & Emerson St NW,31405,38.949662,-77.027333,YES,NO,,,NO,2,17,397630.6806,142418.5615,,DC
289259448,217,14th & Upshur St NW,31406,38.942475,-77.032678,YES,NO,,,NO,13,6,397167.0719,141620.8924,,DC
289259449,218,14th St & Colorado Ave NW,31407,38.956432,-77.032947,YES,NO,,,NO,3,16,397144.3109,143170.2538,,DC
289259450,219,Troy St & 26th St S,31056,38.847977,-77.075104,YES,NO,,,NO,5,5,393480.4384,131133.0394,,
289259451,220,Four Mile Run Dr & S Shirlington Rd,31057,38.8444,-77.085931,YES,NO,,,NO,9,2,392540.2043,130736.7966,,
289259452,221,Columbia Pike & S Oakland St,31058,38.860789,-77.09586,YES,NO,,,NO,6,5,391680.164,132556.9494,,
289259453,222,Four Mile Run Dr & S Walter Reed Dr,31059,38.84736,-77.095431,YES,NO,,,NO,8,3,391715.8392,131066.1963,,
289259454,223,S Arlington Mill Dr & Campbell Ave,31060,38.84232,-77.089555,YES,NO,,,NO,10,5,392225.3731,130506.2046,,
289259455,224,Kenmore St & 24th St S,31061,38.848454,-77.084918,YES,NO,,,NO,10,1,392628.5629,131186.7364,,
289259456,225,13th St & Eastern Ave,32006,38.987,-77.029417,YES,NO,,,NO,8,7,397451.3679,146563.4885,,
289259457,226,Wisconsin Ave & O St NW,31312,38.90849,-77.063586,YES,NO,,,NO,3,16,394484.9615,137849.681,,DC
289259458,227,Roosevelt Island,31062,38.896553,-77.06714,YES,NO,,,NO,1,10,394175.736,136524.7988,,
289259459,228,Connecticut & Nebraska Ave NW,31310,38.955016,-77.069956,YES,NO,,,NO,9,14,393936.4269,143014.8728,,DC
289259460,229,17th St & Massachusetts Ave NW,31267,38.908142,-77.038359,YES,NO,,,NO,18,1,396672.972,137809.8284,,DC
289259461,230,15th & Euclid St  NW,31117,38.92333,-77.0352,YES,NO,,,NO,10,5,396947.6146,139495.7125,,DC
289259462,231,8th & East Capitol St NE,31629,38.889988,-76.995193,YES,NO,,,NO,0,11,400417.0363,135793.9012,,DC
289259463,232,New Jersey Ave & R St NW,31509,38.912659,-77.017669,YES,NO,,,NO,8,7,398467.5947,138310.7019,,DC
289259464,233,15th & East Capitol St NE,31630,38.889908,-76.983326,YES,NO,,,NO,0,10,401446.5718,135785.1417,,DC
289259465,234,8th & F St NE,31631,38.897274,-76.994749,YES,NO,,,NO,1,13,400455.5094,136602.7068,,DC
289259466,235,18th St & Rhode Island Ave NE,31510,38.927095,-76.978924,YES,NO,,,NO,7,8,401827.5193,139913.282,,DC
289259467,236,15th & F St NE,31632,38.897195,-76.983575,YES,NO,,,NO,12,7,401424.824,136594.0523,,DC
289259468,237,12th & Irving St NE,31511,38.928644,-76.990955,YES,NO,,,NO,6,9,400784.2832,140085.0622,,DC
289259469,239,Alabama & MLK Ave SE,31800,38.84323,-76.999376,YES,NO,,,NO,10,1,400054.1712,130603.4076,,DC
289259470,240,Pleasant St & MLK Ave SE,31807,38.863897,-76.990037,YES,NO,,,NO,6,5,400864.6665,132897.639,,DC
289259471,241,Neal St & Trinidad Ave NE,31512,38.903732,-76.987211,YES,NO,,,NO,6,9,401109.3092,137319.6612,,DC
289259472,242,12th & U St NW,31268,38.916787,-77.028139,YES,NO,,,NO,20,9,397559.6888,138769.172,,DC
289259473,243,S George Mason & Four Mile Run Dr,31063,38.852248,-77.105022,YES,NO,,,NO,5,6,390883.8896,131609.7125,,
289259474,244,Gravelly Point,31064,38.865029,-77.039511,YES,NO,,,NO,4,11,396570.9831,133023.9941,,
289259475,245,Pershing Dr & Wayne St,31065,38.880705,-77.08596,YES,NO,,,NO,2,9,392541.4816,134766.9171,,
289259476,246,Columbia Pike & S Orme St,31066,38.867262,-77.072315,YES,NO,,,NO,2,8,393724.2392,133273.6172,,
289259477,247,3rd St & Pennsylvania Ave SE,31269,38.887378,-77.001955,YES,NO,,,NO,0,13,399830.3857,135504.1617,,DC
289259478,248,8th & D St NW,31270,38.894851,-77.02324,YES,NO,,,NO,13,2,397983.9271,136333.9781,,DC
289259479,249,3rd & Elm St NW,31118,38.917622,-77.01597,YES,NO,,,NO,6,9,398615.0427,138861.609,,DC
289259480,250,Rhode Island Ave & V St NE,31513,38.918155,-77.004746,YES,NO,,,NO,5,14,399588.4184,138920.666,,DC
289259481,251,Constitution Ave & 2nd St NW/DOL,31271,38.892275,-77.013917,YES,NO,,,NO,18,8,398792.6549,136047.8572,,DC
289259482,252,Washington & Independence Ave SW/HHS,31272,38.886978,-77.013769,YES,NO,,,NO,7,24,398805.4057,135459.8469,,DC
289259483,253,Independence Ave & L'Enfant Plaza SW/DOE,31633,38.887312,-77.025762,YES,NO,,,NO,5,10,397764.9071,135497.1487,,DC
289259484,254,Hamlin & 7th St NE,31514,38.927497,-76.997194,YES,NO,,,NO,1,13,400243.3095,139957.7003,,DC
289259485,255,Columbia Pike & S Walter Reed Dr,31067,38.862478,-77.086599,YES,NO,,,NO,3,8,392484.1179,132743.6373,,
289259486,256,Arlington Mill Cmty Center / Columbia Pike & S Dinwiddie St,31068,38.856319,-77.11153,YES,NO,,,NO,15,0,390319.5351,132062.2923,,
289259487,257,Pershing Dr & N George Mason Dr,31069,38.871822,-77.107906,YES,NO,,,NO,1,10,390636.1213,133782.8596,,
289259488,258,Fenton St & New York Ave,32001,38.985404,-77.023082,YES,NO,,,NO,3,12,398000.1753,146386.1589,,
289259489,259,Bethesda Ave & Arlington Rd,32002,38.981103,-77.097426,YES,NO,,,NO,7,12,391558.5023,145912.9575,,
289259490,260,Montgomery Ave & Waverly St,32003,38.983838,-77.09221,YES,NO,,,NO,0,11,392010.7503,146216.0997,,
289259491,261,Fallsgrove Blvd & Fallsgrove Dr,32004,39.096312,-77.192672,YES,NO,,,NO,8,11,383332.8936,158715.5216,,
289259492,262,Traville Gateway Dr & Gudelsky Dr,32005,39.093783,-77.202501,YES,NO,,,NO,8,11,382482.0138,158436.6119,,
289259493,263,Norfolk Ave & Fairmont St,32000,38.988562,-77.096539,YES,NO,,,NO,7,4,391636.2322,146740.8977,,
289259494,264,E Montgomery Ave & Maryland Ave,32007,39.084125,-77.151291,YES,NO,,,NO,6,9,386910.3144,157355.8713,,
289259495,265,Cordell & Norfolk Ave,32008,38.98954,-77.098029,YES,NO,,,NO,6,5,391507.261,146849.6029,,
289259496,266,Frederick Ave & Horners Ln,32009,39.094772,-77.145213,YES,NO,,,NO,4,5,387438.0622,158536.9647,,
289259497,267,Philadelphia & Maple Ave,32010,38.98128,-77.011336,YES,NO,,,NO,11,4,399017.792,145928.1627,,
289259498,268,Maple & Ritchie Ave,32011,38.983627,-77.006311,YES,NO,,,NO,14,5,399453.2013,146188.6606,,
289259499,269,Silver Spring Metro / Colesville Rd & Wayne Ave,32012,38.994896,-77.029532,YES,NO,,,NO,2,13,397441.6881,147440.0263,,
289259500,270,Montgomery & East Ln,32013,38.983525,-77.095367,YES,NO,,,NO,5,6,391737.1856,146181.6346,,
289259501,271,Friendship Hts Metro / Wisconsin Ave & Wisconsin Cir,32014,38.961763,-77.085998,YES,NO,,,NO,5,14,392546.6611,143765.0395,,
289259502,272,14th & Belmont St NW,31119,38.921074,-77.031887,YES,NO,,,NO,0,15,397234.8156,139245.1718,,DC
289259503,273,3rd & Tingey St SE,31634,38.87501,-77.0024,YES,NO,,,NO,10,8,399791.7418,134131.22,,DC
289259504,274,10th & Florida Ave NW,31120,38.920387,-77.025672,YES,NO,,,NO,6,13,397773.748,139168.7391,,DC
289259505,275,Potomac Ave & 8th St SE,31635,38.876737,-76.994468,YES,NO,,,NO,7,7,400480.0235,134322.9419,,DC
289259506,276,Crabbs Branch Way & Redland Rd,32015,39.120045,-77.156985,YES,NO,,,NO,2,13,386424.5277,161344.2744,,
289259507,277,Fallsgrove Dr & W Montgomery Ave,32016,39.099376,-77.188014,YES,NO,,,NO,5,10,383736.5343,159054.8233,,
289259508,278,Monroe St & Monroe Pl,32017,39.083673,-77.149162,YES,NO,,,NO,9,6,387094.4331,157305.3907,,
289259509,279,Needwood Rd & Eagles Head Ct,32018,39.123513,-77.15741,YES,NO,,,NO,9,6,386388.4392,161729.3311,,
289259510,280,East West Hwy & Blair Mill Rd,32019,38.990249,-77.02935,YES,NO,,,NO,4,11,397457.2886,146924.1578,,
289259511,281,Crabbs Branch Way & Calhoun Pl,32020,39.107709,-77.152072,YES,NO,,,NO,10,5,386847.1038,159974.1002,,
289259512,282,47th & Elm St,32021,38.982456,-77.091991,YES,NO,,,NO,3,12,392029.5703,146062.6651,,
289259513,283,Dennis Ave & Amherst Ave,32022,39.025387,-77.044563,YES,NO,,,NO,9,6,396141.228,150825.3728,,
289259514,284,Montgomery College / W Campus Dr & Mannakee St,32023,39.095661,-77.159048,YES,NO,,,NO,3,18,386241.4112,158637.6492,,
289259515,285,Fenton St & Gist Ave,32024,38.989724,-77.023854,YES,NO,,,NO,4,7,397933.4145,146865.7388,,
289259516,286,Carroll & Westmoreland Ave,32025,38.975,-77.01121,YES,NO,,,NO,0,15,399028.6236,145231.0206,,
289259517,287,Carroll & Ethan Allen Ave,32026,38.977933,-77.006472,YES,NO,,,NO,9,6,399439.207,145556.5721,,
289259518,288,Battery Ln & Trolley Trail,32027,38.992375,-77.100104,YES,NO,,,NO,14,1,391327.8386,147164.511,,
289259519,289,Norfolk & Rugby Ave,32028,38.990639,-77.100239,YES,NO,,,NO,4,7,391315.9317,146971.8107,,
289259520,290,Offutt Ln & Chevy Chase Dr,32029,38.977093,-77.094589,YES,NO,,,NO,6,5,391803.8535,145467.5504,,
289259521,291,Broschart & Blackwell Rd,32030,39.102099,-77.200322,YES,NO,,,NO,7,7,382672.5406,159359.3747,,
289259522,293,Fleet St & Ritchie Pkwy,32032,39.076331,-77.141378,YES,NO,,,NO,11,4,387766.6457,156489.2688,,
289259523,294,Piccard & W Gude Dr,32033,39.102212,-77.177091,YES,NO,,,NO,7,11,384681.9981,159367.7653,,
289259524,295,Silver Spring Transit Center - Top Level,32034,38.994035,-77.030371,YES,NO,,,NO,4,11,397368.975,147344.4705,,
289259525,296,Georgia Ave & Spring St,32035,38.999388,-77.031555,YES,NO,,,NO,8,3,397266.6111,147938.7423,,
289259526,297,Fenton St & Ellsworth Dr,32036,38.997033,-77.025608,YES,NO,,,NO,5,10,397781.6847,147677.1522,,
289259527,298,King Farm Blvd & Pleasant Dr,32037,39.114688,-77.171487,YES,NO,,,NO,16,2,385169.3335,160751.8343,,
289259528,299,King Farm Blvd & Piccard Dr,32038,39.110314,-77.182669,YES,NO,,,NO,0,15,384201.3131,160268.1402,,
289259529,301,Calvert St & Woodley Pl NW,31121,38.923583,-77.050046,YES,NO,,,NO,16,3,395660.2519,139524.3987,,DC
289259530,302,New Jersey Ave & N St NW/Dunbar HS,31636,38.907333,-77.01536,YES,NO,,,NO,11,8,398667.7512,137719.4359,,DC
289259531,303,Nannie Helen Burroughs Ave & 49th St NE,31710,38.898536,-76.931862,YES,NO,,,NO,3,8,405910.6742,136744.9916,,DC
289259532,304,Deanwood Rec Center,31711,38.908473,-76.933099,YES,NO,,,NO,9,6,405802.5615,137847.9993,,DC
289259533,305,Hains Point/Buckeye & Ohio Dr SW,31273,38.878433,-77.03023,YES,NO,,,NO,6,11,397376.9402,134511.6305,,DC
289259534,306,Arlington Blvd & Fillmore St,31070,38.873755,-77.089233,YES,NO,,,NO,2,9,392256.7382,133995.6873,,
289259535,307,Eads St & 12th St S,31071,38.862753,-77.05428,YES,NO,,,NO,10,7,395289.0848,132772,,
289259536,308,Old Georgetown Rd & Southwick St,32039,38.999634,-77.109647,YES,NO,,,NO,6,13,390502.0823,147971.2824,,
289259537,309,Friendship Blvd & Willard Ave,32040,38.96115,-77.088659,YES,NO,,,NO,11,8,392315.9696,143697.2115,,
289259538,310,North Capitol St & G Pl NE,31637,38.899703,-77.008911,YES,NO,,,NO,15,4,399227.0222,136872.3698,,DC
289259539,311,31st St & S Woodrow St,31072,38.837666,-77.09482,YES,NO,,,NO,0,11,391767.761,129990.0404,,
289259540,312,Washington Blvd & Walter Reed Dr,31073,38.873219,-77.082104,YES,NO,,,NO,6,8,392875.3089,133935.6068,,
289259541,313,TJ Cmty Ctr / 2nd St & S Old Glebe Rd,31074,38.869418,-77.095596,YES,NO,,,NO,10,5,391704.08,133514.8072,,
289259542,314,Connecticut Ave & Tilden St NW,31313,38.941139,-77.061977,YES,NO,,,NO,2,13,394626.9764,141473.9014,,DC
289259543,315,Medical Center Dr & Key West Ave,32041,39.103091,-77.196442,YES,NO,,,NO,8,7,383008.3894,159468.7697,,
289259544,316,Shady Grove Hospital,32042,39.097636,-77.196636,YES,NO,,,NO,5,14,382990.3046,158863.2331,,
289259545,317,Veterans Pl & Pershing Dr,32043,38.997445,-77.023894,YES,NO,,,NO,7,4,397930.1735,147722.8481,,
289259546,318,Rockville Metro East,32044,39.085394,-77.145803,YES,NO,,,NO,10,2,387385.3603,157495.9731,,
289259547,319,1st & H St NW,31638,38.900358,-77.012108,YES,NO,,,NO,8,6,398949.7106,136945.112,,DC
289259548,320,Fort Totten Metro,31515,38.952369,-77.002721,YES,NO,,,NO,4,14,399764.1432,142718.7119,,DC
289259549,321,Takoma Metro,31408,38.975219,-77.016855,YES,NO,,,NO,7,12,398539.4739,145255.4069,,DC
289259550,322,Rhode Island Ave Metro,31516,38.920682,-76.995876,YES,NO,,,NO,7,12,400357.628,139201.1816,,DC
289259551,323,Rolfe St & 9th St S,31075,38.866471,-77.076131,YES,NO,,,NO,3,8,393392.9996,133186.0797,,
289259552,324,Shirlington Transit Center / Quincy St & Randolph St,31076,38.839912,-77.087083,YES,NO,,,NO,9,6,392439.7222,130238.6925,,
289259553,325,Shady Grove Metro West,32045,39.119765,-77.166093,YES,NO,,,NO,15,4,385636.8464,161314.5845,,
289259554,326,River Rd & Landy Ln,32046,38.964992,-77.103381,YES,NO,,,NO,13,6,391040.5048,144125.0512,,
289259555,327,Rockville Metro West,32047,39.084379,-77.146866,YES,NO,,,NO,1,18,387293.2101,157383.4432,,
289259556,328,Bethesda Metro / Wisconsin Ave & Old Georgetown Rd,32048,38.984691,-77.094537,YES,NO,,,NO,6,6,391809.2327,146310.9972,,
289259557,329,Iwo Jima Memorial / Meade & 14th St N,31077,38.88992,-77.071301,YES,NO,,,NO,11,7,393814.2024,135788.7574,,
289259558,330,34th & Water St NW,31314,38.903663,-77.067668,YES,NO,,,NO,11,7,394130.5181,137314.0994,,DC
289259559,331,Duke St & John Carlyle St,31081,38.804378,-77.060866,YES,NO,,,NO,7,8,394713.171,126292.3414,,
289259560,332,Lee Hwy & N Cleveland St,31079,38.894941,-77.09169,YES,NO,,,NO,8,7,392045.8923,136347.7067,,
289259561,333,Arlington Blvd & S George Mason Dr,31078,38.869442,-77.104503,YES,NO,,,NO,4,11,390931.1247,133518.3185,,
289259562,334,10th & G St NW,31274,38.898243,-77.026235,YES,NO,,,NO,14,9,397724.2187,136710.5874,,DC
289259563,335,Lee Hwy & N Scott St,31080,38.897612,-77.080851,YES,NO,,,NO,8,6,392986.4379,136643.3202,,
289259564,336,New Hampshire Ave & 24th St NW,31275,38.901755,-77.051084,YES,NO,,,NO,16,2,395568.8857,137101.3604,,DC
289259565,337,Eisenhower Ave & Mill Race Ln,31082,38.801111,-77.068952,YES,NO,,,NO,8,7,394010.5462,125930.1835,,
289259566,338,Potomac Greens Dr & Slaters Ln,31083,38.82175,-77.047494,YES,NO,,,NO,11,0,395875.6679,128220.0553,,
289259567,339,Ballenger Ave & Dulaney St,31084,38.802677,-77.063562,YES,NO,,,NO,10,9,394478.8647,126103.6794,,
289259568,340,Mount Vernon Ave & E Nelson Ave,31085,38.820064,-77.057619,YES,NO,,,NO,0,11,394996.3049,128033.4045,,
289259569,341,Mount Vernon Ave & E Del Ray Ave,31086,38.82595,-77.058541,YES,NO,,,NO,5,10,394916.6564,128686.84,,
289259570,342,Monroe Ave & Leslie Ave,31087,38.820932,-77.053096,YES,NO,,,NO,9,6,395389.143,128129.5199,,
289259571,343,Mount Vernon Ave & Kennedy St,31088,38.833077,-77.059821,YES,NO,,,NO,14,1,394806.0275,129478.0567,,
289259572,344,Court House Metro / 15th St & N Uhle St,31089,38.890612,-77.084801,YES,NO,,,NO,12,8,392643.0665,135866.5762,,
289259573,345,WAU / Flower Ave & Division St,32049,38.986743,-77.000035,YES,NO,,,NO,14,1,399996.9677,146534.5483,,
289259574,438,Reston Town Center Transit Station,32214,38.957037,-77.359718,YES,NO,,,NO,6,11,368821.7005,143298.3275,,
289259575,439,1st & D St SE,31643,38.884916,-77.005965,YES,NO,,,NO,6,12,399482.4634,135230.8757,,DC
289259576,440,Wiehle Ave & Reston Station Blvd,32215,38.9492,-77.3368,YES,NO,,,NO,3,16,370804.8827,142420.7769,,
289259577,441,Library St & Freedom Dr,32216,38.959633,-77.358741,YES,NO,,,NO,7,12,368907.5133,143586.172,,
289259578,442,Sunset Hills Rd & Discovery Square,32217,38.95534,-77.357611,YES,NO,,,NO,4,11,369003.5843,143109.2288,,
289259579,443,22nd St & Constitution Ave NW,31292,38.892441,-77.048947,YES,NO,,,NO,2,21,395753.6983,136067.3308,,DC
289259580,444,61st St & Banks Pl NE,31714,38.891805,-76.913563,YES,NO,,,NO,9,10,407498.7397,135999.1416,,DC
289259581,445,Temporary Rd & Old Reston Ave,32218,38.960084,-77.353414,YES,NO,,,NO,4,11,369369.4019,143634.4359,,
289259582,446,Reston YMCA,32219,38.955314,-77.368416,YES,NO,,,NO,10,4,368067.0397,143110.0668,,
289259583,447,Sunset Hills Rd & Isaac Newton Square,32220,38.951443,-77.340377,YES,NO,,,NO,5,6,370495.7444,142670.9186,,
289259584,448,N Lynn St & Fairfax Dr,31917,38.89386,-77.070862,YES,NO,,,NO,11,4,393852.6278,136226.0986,,
289259585,449,Georgia Ave & Piney Branch Rd NW,31414,38.967505,-77.027976,YES,NO,,,NO,5,10,397575.5502,144399.3161,,DC
289259586,450,Greensboro & International Dr,32221,38.923083,-77.227417,YES,NO,,,NO,6,3,380279.3743,139492.2688,,
289259587,451,Madison St & Fairfax St,31918,38.812351,-77.040691,YES,NO,,,NO,7,8,396465.9686,127176.4201,,
289259588,452,Sligo Ave & Carroll Ln,32058,38.990874,-77.016311,YES,NO,,,NO,5,9,398586.9233,146993.2565,,
289259589,453,15th & W St NW,31125,38.919086,-77.034502,YES,NO,,,NO,6,13,397007.964,139024.5695,,DC
289259590,454,12th St & Pennsylvania Ave SE,31644,38.882489,-76.990121,YES,NO,,,NO,7,12,400857.153,134961.4895,,DC
289259591,455,3rd St & Riggs Rd NE,31412,38.957463,-77.002239,YES,NO,,,NO,10,4,399805.9369,143284.1914,,DC
289259592,456,Carlin Springs Rd & N Thomas St,31919,38.876695,-77.112982,YES,NO,,,NO,5,10,390196.3054,134324.3317,,
289259593,457,Towers Crescent Dr & Tysons One Pl,32222,38.915246,-77.220157,YES,NO,,,NO,2,9,380906.8311,138620.7552,,
289259594,458,6th & K St NE,31645,38.902351,-76.998389,YES,NO,,,NO,17,2,400139.7398,137166.2826,,DC
289259595,459,Pooks Hill Rd & Linden Ave,32057,39.014716,-77.107143,YES,NO,,,NO,4,11,390720.9504,149645.2817,,
289259596,460,Takoma Park Rec Center,32059,38.98265,-76.988311,YES,NO,,,NO,6,9,401012.7742,146080.2499,,
289259597,461,New Hampshire & Kirklynn Ave,32061,38.988101,-76.988422,YES,NO,,,NO,7,8,401003.0801,146685.3633,,
289259598,462,Wheaton Metro / Georgia Ave & Reedie Dr,32062,39.038341,-77.051023,YES,NO,,,NO,8,2,395582.6515,152263.7011,,
289259599,463,Amherst Ave & Elkins St,32063,39.044887,-77.047788,YES,NO,,,NO,9,6,395863.104,152990.2285,,
289259600,464,Amherst Ave & Prichard Rd,32064,39.035965,-77.048395,YES,NO,,,NO,7,8,395810.0324,151999.8149,,
289259601,465,Grandview & Blueridge Ave,32065,39.043272,-77.053085,YES,NO,,,NO,0,15,395404.4508,152811.1988,,
289259602,466,Windham Ln & Amherst Ave,32066,39.032029,-77.04735,YES,NO,,,NO,5,9,395900.2803,151562.8283,,
289259603,467,North Shore Dr & Village Rd,32223,38.970412,-77.340787,YES,NO,,,NO,4,7,370468.0662,144776.7717,,
289259604,468,Town Center Pkwy & Sunset Hills Rd,32224,38.955171,-77.363094,YES,NO,,,NO,7,4,368528.2658,143092.3444,,
289259605,469,3rd & Underwood St NW,31413,38.968834,-77.016258,YES,NO,,,NO,5,14,398591.0791,144546.6017,,DC
289259606,470,18th & Monroe St NE,31521,38.93293,-76.979517,YES,NO,,,NO,18,1,401775.9544,140561.0057,,DC
289259607,471,7th & E St SW,31294,38.88345,-77.021741,YES,NO,,,NO,10,9,398113.6641,135068.3461,,DC
289259608,472,Shady Grove Metro East,32067,39.121327,-77.164969,YES,NO,,,NO,14,5,385734.3593,161487.8106,,
289259609,473,Potomac & M St NW,31295,38.905368,-77.065149,YES,NO,,,NO,10,9,394349.1497,137503.2092,,DC
289259610,474,Columbia & Ontario Rd NW,31296,38.924088,-77.040787,YES,NO,,,NO,3,19,396463.1728,139580.0585,,DC
289259611,475,Washington-Liberty High School / N Stafford St & Generals Way,31920,38.888282,-77.111066,YES,NO,,,NO,8,7,390364.1257,135610.3726,,
289259612,476,Westover Library / Washington Blvd & N McKinley Rd,31921,38.886048,-77.142317,YES,NO,,,NO,7,8,387652.4639,135366.1444,,
289259613,477,Columbia Pike & S Taylor St,31923,38.858524,-77.103728,YES,NO,,,NO,8,7,390997.0028,132306.2646,,
289259614,478,Columbus Ave & Tribeca St,32068,39.126,-77.1673,YES,NO,,,NO,1,10,385533.7378,162006.9418,,
289259615,479,Columbus Ave & Gramercy Blvd,32069,39.12333,-77.16486,YES,NO,,,NO,0,11,385744.1866,161710.1528,,
289259616,480,Reston Pkwy & Spectrum Dr,32225,38.964208,-77.35428,YES,NO,,,NO,6,9,369296.1222,144092.5258,,
289259617,481,Key West Ave & Great Seneca Hwy,32070,39.105642,-77.20386,YES,NO,,,NO,6,5,382367.3894,159753.3694,,
289259618,482,Virginia Ave & 25th St NW,31297,38.8995,-77.054155,YES,NO,,,NO,12,7,395302.3534,136851.1909,,DC
289259619,483,15th & M St NW,31298,38.905424,-77.034674,YES,NO,,,NO,13,5,396992.472,137507.9804,,DC
289259620,484,11th & Girard St NW,31126,38.925636,-77.027112,YES,NO,,,NO,3,16,397649.0456,139751.4587,,DC
289259621,485,Connecticut Ave & R St NW,31299,38.912644,-77.04564,YES,NO,,,NO,16,3,396041.7119,138309.8779,,DC
289259622,486,Wilson Blvd & N Troy St,31924,38.892556,-77.082089,YES,NO,,,NO,2,13,392878.5408,136082.1603,,
289259623,487,American University East Campus,31320,38.936298,-77.087128,YES,NO,,,NO,2,15,392446.0274,140938.2887,,DC
289259624,488,15th St & Constitution Ave NW,31321,38.892244,-77.033234,YES,NO,,,NO,8,10,397116.841,136044.8487,,DC
289259625,489,22nd & H St NW,31127,38.899104,-77.048946,YES,NO,,,NO,4,11,395754.1817,136806.9765,,DC
289259626,490,23rd & M St NW,31128,38.905303,-77.050264,YES,NO,,,NO,7,11,395640.2307,137495.1775,,DC
289259627,491,Corporate Blvd & Omega Dr,32071,39.106971,-77.192645,YES,NO,,,NO,2,13,383337.7263,159898.7985,,
289259628,492,Key West Ave & Diamondback Dr,32072,39.106152,-77.202354,YES,NO,,,NO,4,7,382497.7742,159809.696,,
289259629,493,Alabama Ave & Stanton Rd SE / Shops at Park Village,31813,38.84627,-76.98185,YES,NO,,,NO,6,13,401575.587,130941.0252,,DC
289259630,494,Mississippi Ave & 19th St SE / THEARC,31814,38.84377,-76.97557,YES,NO,,,NO,6,12,402120.823,130663.635,,DC
289259631,495,19th & Savannah St SE,31815,38.84623,-76.97703,YES,NO,,,NO,7,4,401994.0084,130936.6792,,DC
289259632,496,4th St & Mississippi Ave SE,31816,38.836,-77.0009,YES,NO,,,NO,14,4,399921.8605,129800.8281,,DC
289259633,497,1st & S Capitol St SE / Oxon Run Trail,31817,38.824481,-77.005497,YES,NO,,,NO,10,9,399522.6642,128522.1558,,DC
289259634,498,Livingston Rd & 3rd St SE,31818,38.82373,-77.00223,YES,NO,,,NO,6,9,399806.3544,128438.7778,,DC
289259635,499,Joliet St & MLK Ave SW/Bald Eagle Rec Ctr,31819,38.81909,-77.01033,YES,NO,,,NO,7,11,399102.9195,127923.7558,,DC
289259636,500,37th & Ely Pl SE,31715,38.883011,-76.949709,YES,NO,,,NO,4,11,404363.4744,135020.5911,,DC
289259637,501,15th St & Pennsylvania Ave NW,31129,38.89635,-77.03338,YES,NO,,,NO,12,7,397104.3417,136500.6518,,DC
289259638,505,Maine Ave & 9th St SW,31646,38.88044,-77.025236,YES,NO,,,NO,10,5,397810.3316,134734.2911,,DC
289259639,506,Lincoln Rd & Seaton Pl NE/Harry Thomas Rec Center,31523,38.915,-77.0078,YES,NO,,,NO,8,11,399323.5401,138570.4529,,DC
289259640,507,Blueridge Ave & Elkin St,32073,39.04313,-77.05006,YES,NO,,,NO,10,5,395666.3153,152795.2872,,
289259641,508,Georgia Ave & Kennedy St NW,31415,38.95674,-77.02791,YES,NO,,,NO,2,16,397580.9045,143204.2991,,DC
289259642,509,7th St & Massachusetts Ave NE,31647,38.89222,-76.99602,YES,NO,,,NO,12,6,400345.2782,136041.6672,,DC
289259643,510,Anacostia Park,31820,38.87335,-76.9834,YES,NO,,,NO,6,13,401440.4861,133947.0758,,DC
289259644,511,Twinbrook Metro,32074,39.062041,-77.120776,YES,NO,,,NO,9,5,389547.2246,154900.351,,
289259645,512,White Flint Metro,32075,39.04753,-77.11287,YES,NO,,,NO,4,21,390229.4715,153288.5887,,
289259646,513,Citadel Ave & McGrath Blvd,32076,39.049,-77.10933,YES,NO,,,NO,12,2,390536.1049,153451.4024,,
289259647,514,Rockville Pike & Old Georgetown Rd,32077,39.049765,-77.11368,YES,NO,,,NO,9,6,390159.6633,153536.7859,,
289259648,515,Woodglen Dr & Executive Blvd,32078,39.04317,-77.1135,YES,NO,,,NO,12,4,390174.3341,152804.6476,,
289259649,516,Executive Blvd & E Jefferson St,32079,39.04873,-77.1257,YES,NO,,,NO,7,8,389119.0338,153423.2534,,
289259650,517,Fishers Ln & Rock Creek Mill Rd,32080,39.0629,-77.113454,YES,NO,,,NO,6,9,390181.0384,154994.897,,
289259651,518,Congressional Ln & E Jefferson St,32081,39.06219,-77.129235,YES,NO,,,NO,9,6,388815.1492,154917.8942,,
289259652,519,Garland Ave & Walden Rd,32082,39.00048,-77.00077,YES,NO,,,NO,12,3,399933.3013,148059.4933,,
289259653,520,Greensboro & Pinnacle Dr,32227,38.92245,-77.23034,YES,NO,,,NO,5,8,380025.7276,139422.6362,,
289259654,521,1301 McCormick Dr / Wayne K. Curry Admin Bldg,32400,38.908391,-76.843263,YES,NO,,,NO,13,2,413594.3672,137848.4408,,
289259655,522,Largo Town Center Metro,32401,38.899811,-76.844604,YES,NO,,,NO,5,11,413479.6788,136895.7939,,
289259656,523,Baltimore Ave & Van Buren St / Riverdale Park Station,32402,38.969581,-76.937349,YES,NO,,,NO,13,3,405429.2884,144631.2633,,
289259657,524,Baltimore Ave & Jefferson St,32403,38.95548,-76.940133,YES,NO,,,NO,8,7,405189.0557,143065.7593,,
289259658,525,Perry & 35th St,32404,38.936213,-76.960054,YES,NO,,,NO,9,6,403463.3113,140926.0058,,
289259659,526,Rockville Pike & Meeting St,32083,39.050539,-77.115212,YES,NO,,,NO,6,9,390027.1592,153622.8749,,
289259660,527,Potomac Ave & Half St SW,31648,38.870201,-77.010837,YES,NO,,,NO,16,5,399059.5641,133597.4381,,DC
289259661,529,Crystal Dr & Potomac Ave,31925,38.848304,-77.05122,YES,NO,,,NO,6,5,395553.7597,131167.9042,,
289259662,530,Largo Rd & Campus Way / Prince Georges's Comm Col,32405,38.88994,-76.825535,YES,NO,,,NO,9,6,415135.8934,135803.0252,,
289259663,531,Stanton Square SE,31822,38.855004,-76.984512,YES,NO,,,NO,2,17,401344.3364,131910.5185,,DC
289259664,532,14th & Newton St NW,31649,38.931991,-77.032956,YES,NO,,,NO,12,7,397142.5513,140457.0851,,DC
289259665,533,48th Pl & MacArthur Blvd NW,31322,38.917304,-77.09629,YES,NO,,,NO,6,12,391649.4609,138830.5912,,DC
289259666,534,14th & Luzon St NW,31416,38.969489,-77.033509,YES,NO,,,NO,7,12,397096.1314,144619.7204,,DC
289259667,535,1st & M St SE,31650,38.876893,-77.006072,YES,NO,,,NO,14,5,399473.1206,134340.262,,DC
289259668,536,Fleet St & Waterfront St,32406,38.782633,-77.016059,YES,NO,,,NO,7,8,398604.6884,123876.8742,,
289259669,537,Oxon Hill Park & Ride,32407,38.798749,-77.00103,YES,NO,,,NO,4,11,399910.527,125665.7254,,
289259670,538,11th & Park Rd NW,31651,38.931942,-77.028357,YES,NO,,,NO,13,6,397541.3057,140451.5117,,DC
289259671,539,4th & M St SE,31652,38.876751,-77.000736,YES,NO,,,NO,4,13,399936.1357,134324.4817,,DC
289259672,540,Kansas Ave & Sherman Cr NW,31417,38.948057,-77.021467,YES,NO,,,NO,2,17,398139.124,142240.2561,,DC
289259673,541,Campus Commons,32228,38.944707,-77.335425,YES,NO,,,NO,6,5,370922.2398,141921.5781,,
289259674,542,Park Run & Onyx Dr,32229,38.92755,-77.226644,YES,NO,,,NO,0,11,380347.6366,139987.9757,,
289259675,543,7th & K St NW,31653,38.902674,-77.021392,YES,NO,,,NO,11,6,398144.4448,137202.3544,,DC
289259676,544,King Greenleaf Rec Center,31654,38.876211,-77.012443,YES,NO,,,NO,5,13,398920.2861,134264.6109,,DC
289259677,545,Montello Ave & Holbrook Terr NE,31524,38.907444,-76.986813,YES,NO,,,NO,2,16,401143.772,137731.7283,,DC
289259678,546,New Jersey Ave & F St NW,31655,38.897108,-77.011616,YES,NO,,,NO,12,20,398992.3424,136584.3305,,DC
289259679,547,Maryland Ave & 17th St NE,31656,38.901935,-76.978627,YES,NO,,,NO,14,5,401853.9263,137120.3191,,DC
289259680,548,Massachusetts Ave & 6th St NE,31657,38.892934,-76.998273,YES,NO,,,NO,7,11,400149.8215,136120.9208,,DC
289259681,549,Woodley Park Metro / Calvert St & Connecticut Ave NW,31323,38.923389,-77.051833,YES,NO,,,NO,15,7,395505.2797,139502.9495,,DC
289259682,550,McLean Metro,32230,38.924002,-77.208127,YES,NO,,,NO,7,12,381952.3499,139590.295,,
289259683,551,Trinidad Rec Center,31525,38.906299,-76.983221,YES,NO,,,NO,3,16,401455.3468,137604.6751,,DC
289259684,552,Rosedale Rec Center,31658,38.897808,-76.979634,YES,NO,,,NO,14,4,401766.6798,136662.169,,DC
289259685,553,11th & C St SE,31659,38.885908,-76.991476,YES,NO,,,NO,3,15,400739.5508,135341.013,,DC
289259686,554,New Hampshire & Gallatin St NW,31418,38.951596,-77.012808,YES,NO,,,NO,0,19,398889.7882,142632.9762,,DC
289259687,555,United Medical Center,31823,38.835737,-76.983144,YES,NO,,,NO,9,10,401463.4718,129771.768,,DC
289259688,556,18th & New Hampshire Ave NW,31324,38.911268,-77.041829,YES,NO,,,NO,12,7,396372.1642,138156.9722,,DC
289259689,560,Dunn Loring Metro,32231,38.8828,-77.2283,YES,NO,,,NO,6,13,380191.6213,135020.7356,,
289259690,561,Oglethorpe St & 42nd Ave,32408,38.959361,-76.946361,YES,NO,,,NO,8,7,404648.982,143496.2503,,
289259691,562,Southern Ave Metro,32409,38.840107,-76.9753,YES,NO,,,NO,5,10,402144.3723,130257.0229,,
289259692,563,Queens Chapel & Hamilton St,32410,38.9546,-76.9595,YES,NO,,,NO,10,5,403510.4374,142967.1484,,
289259693,564,Northwestern High School,32411,38.975505,-76.952199,YES,NO,,,NO,5,10,404142.0544,145288.1053,,
289259694,565,New Hampshire Ave & East-West Hwy,32412,38.974205,-76.995227,YES,NO,,,NO,7,8,400413.5978,145142.7192,,
289259695,566,Rhode Island Ave & 39th St / Brentwood Arts Exchange,32413,38.939271,-76.955047,YES,NO,,,NO,10,5,403897.2501,141265.6725,,
289259696,567,Riggs Rd & East West Hwy,32414,38.9725,-76.9807,YES,NO,,,NO,7,10,401672.4551,144953.6138,,
289259697,568,Tanger Outlets,32415,38.7968,-77.0026,YES,NO,,,NO,14,1,399774.1397,125449.3771,,
289259698,569,Chillum Rd & Riggs Rd / Riggs Plaza,32416,38.961737,-76.995922,YES,NO,,,NO,6,9,400353.4353,143758.6505,,
289259699,570,Hyattsville Library / Adelphi Rd & Toledo Rd,32417,38.9698,-76.9493,YES,NO,,,NO,10,5,404393.6104,144654.9314,,
289259700,571,George Mason High School / Haycock Rd & Leesburg Pike,32600,38.895172,-77.190275,YES,NO,,,NO,9,3,383493.706,136386.5573,,
289259701,572,State Theatre / Park Pl & N Washington St,32601,38.882746,-77.170032,YES,NO,,,NO,7,5,385247.2083,135003.7112,,
289259702,573,N Oak St & W Broad St,32602,38.88837,-77.179832,YES,NO,,,NO,12,0,384398.1442,135629.6469,,
289259703,574,Pennsylvania Ave & Park Ave,32603,38.887403,-77.176992,YES,NO,,,NO,6,6,384644.3283,135521.821,,
289259721,593,West Hyattsville Metro,32418,38.955349,-76.968084,YES,NO,,,NO,13,4,402766.369,143049.9992,,
289259722,594,Capitol Heights Metro,32419,38.888524,-76.913188,YES,NO,,,NO,10,9,407531.6187,135634.9559,,
289259723,595,Prince George's Plaza Metro,32420,38.965742,-76.954803,YES,NO,,,NO,3,13,403916.9491,144204.2047,,
289259724,596,Riverdale Park Town Center,32421,38.962119,-76.935578,YES,NO,,,NO,16,1,405583.3465,143803.0182,,
289259725,597,The Mall at Prince Georges,32422,38.968842,-76.954171,YES,NO,,,NO,5,12,403971.5479,144548.3612,,
289259726,598,Wheaton Library & Community Rec Center,32084,39.047323,-77.051097,YES,NO,,,NO,6,5,395576.803,153260.8071,,
289259727,599,Edgewood Rec Center,31529,38.924144,-77.002098,YES,NO,,,NO,0,15,399818.073,139585.487,,DC
289259728,601,8th & K St NE,31660,38.902732,-76.99515,YES,NO,,,NO,8,7,400420.6916,137208.5866,,DC
289259729,602,Kingman Island/The Fields at RFK,31716,38.895955,-76.967845,YES,NO,,,NO,15,4,402789.4071,136456.7655,,DC
289259730,603,Kenilworth Terrace & Hayes St. NE,31717,38.900468,-76.947287,YES,NO,,,NO,4,15,404572.4991,136958.5734,,DC
289259731,604,National Harbor Carousel,32423,38.7859,-77.0167,YES,NO,,,NO,7,8,398549.0604,124239.5406,,
289259704,575,E Fairfax St & S Washington St,32604,38.880612,-77.171891,YES,NO,,,NO,6,6,385085.4667,134767.1234,,
289259705,576,N Roosevelt St & Roosevelt Blvd,32606,38.878085,-77.153953,YES,NO,,,NO,12,0,386641.4255,134483.8298,,
289259706,577,W Broad St & Little Falls St,32605,38.883601,-77.173438,YES,NO,,,NO,11,1,384951.8681,135099.1786,,
289259707,578,S Maple Ave & S Washington St,32607,38.87972,-77.178408,YES,NO,,,NO,11,1,384519.8108,134669.1897,,
289259708,579,Falls Church City Hall / Park Ave & Little Falls St,32608,38.885434,-77.173605,YES,NO,,,NO,5,7,384937.7655,135302.6829,,
289259709,580,W Columbia St & N Washington St,32609,38.885621,-77.166917,YES,NO,,,NO,7,5,385518.0639,135322.3591,,
289259710,581,West Falls Church Metro,32232,38.9001,-77.1887,YES,NO,,,NO,2,17,383631.4673,136933.3198,,
289259711,582,Jones Branch Drive & Scotts Crossing Rd,32233,38.928502,-77.215624,YES,NO,,,NO,7,4,381303.4316,140091.3409,,
289259712,583,Georgia Ave & Morton St NW,31419,38.932128,-77.0235,YES,NO,,,NO,4,14,397962.4373,140472.0397,,DC
289259713,584,Merrilee Dr & Lauren Elizabeth Lane,32234,38.879355,-77.230681,YES,NO,,,NO,5,5,379984.0687,134638.8348,,
289259714,585,Merrifield Cinema & Merrifield Town Center,32235,38.870093,-77.22997,YES,NO,,,NO,9,1,380043.1712,133610.5307,,
289259715,586,Rhode Island & Montana Ave NE,31526,38.9243,-76.9859,YES,NO,,,NO,0,19,401222.6718,139602.8966,,DC
289259716,587,7th & S St NW,31130,38.914204,-77.022175,YES,NO,,,NO,10,8,398076.8378,138482.2949,,DC
289259717,588,North Capitol & R St NE,31527,38.912524,-77.008798,YES,NO,,,NO,6,8,399236.9615,138295.6042,,DC
289259718,589,17th & Upshur St NW,31420,38.942146,-77.038684,YES,NO,,,NO,4,15,396646.383,141584.574,,DC
289259719,591,14th & Otis Pl NW,31131,38.934405,-77.032687,YES,NO,,,NO,5,14,397165.9709,140725.0516,,DC
289259720,592,John McCormack Rd NE,31528,38.938889,-76.997226,YES,NO,,,NO,4,15,400240.4963,141222.3112,,DC